model,group,subgroup_type,subgroup,n_respondents,n_draws,tv_native_101,tv_fixed_11_bins,w1_thermometer_points,w1_scaled
Bisbee et al. (2024),Kamala Harris,all,All respondents,100,200,0.6150000000000001,0.37,6.275000000000001,0.06275000000000001
Bisbee et al. (2024),Donald Trump,all,All respondents,100,200,0.615,0.4000000000000001,4.649999999999996,0.04649999999999996
Bisbee et al. (2024),Joe Biden,all,All respondents,99,198,0.5303030303030303,0.36363636363636365,5.823232323232318,0.058232323232323184
Bisbee et al. (2024),RFK Jr,all,All respondents,99,198,0.595959595959596,0.4393939393939393,13.611111111111128,0.1361111111111113
Bisbee et al. (2024),JD Vance,all,All respondents,100,200,0.61,0.48500000000000004,6.675000000000005,0.06675000000000005
Bisbee et al. (2024),Tim Walz,all,All respondents,100,200,0.6300000000000002,0.38,7.705000000000004,0.07705000000000004
Bisbee et al. (2024),Democratic Party,all,All respondents,100,200,0.6299999999999998,0.53,9.46,0.0946
Bisbee et al. (2024),Republican Party,all,All respondents,100,200,0.6299999999999999,0.3350000000000001,7.214999999999999,0.07214999999999999
Bisbee et al. (2024),Kamala Harris,PID,Democrat,57,114,0.6140350877192983,0.2543859649122807,6.570175438596488,0.06570175438596487
Bisbee et al. (2024),Donald Trump,PID,Democrat,57,114,0.6228070175438598,0.5350877192982458,4.903508771929817,0.049035087719298175
Bisbee et al. (2024),Joe Biden,PID,Democrat,56,112,0.5178571428571429,0.3928571428571428,9.94642857142857,0.0994642857142857
Bisbee et al. (2024),RFK Jr,PID,Democrat,57,114,0.6754385964912282,0.6228070175438598,17.140350877192986,0.17140350877192986
Bisbee et al. (2024),JD Vance,PID,Democrat,57,114,0.6666666666666669,0.6228070175438598,9.745614035087717,0.09745614035087717
Bisbee et al. (2024),Tim Walz,PID,Democrat,57,114,0.6228070175438597,0.3421052631578947,9.614035087719303,0.09614035087719303
Bisbee et al. (2024),Democratic Party,PID,Democrat,57,114,0.6842105263157895,0.587719298245614,13.894736842105264,0.13894736842105262
Bisbee et al. (2024),Republican Party,PID,Democrat,57,114,0.7017543859649122,0.39473684210526305,7.850877192982445,0.07850877192982444
Bisbee et al. (2024),Kamala Harris,PID,Independent,4,8,1,0.75,19.25,0.1925
Bisbee et al. (2024),Donald Trump,PID,Independent,4,8,1,0.875,29.375,0.29375
Bisbee et al. (2024),Joe Biden,PID,Independent,4,8,0.75,0.75,20,0.2
Bisbee et al. (2024),RFK Jr,PID,Independent,4,8,0.875,0.625,22.125,0.22125
Bisbee et al. (2024),JD Vance,PID,Independent,4,8,0.75,0.75,19.875,0.19875
Bisbee et al. (2024),Tim Walz,PID,Independent,4,8,0.75,0.75,37.75,0.3775
Bisbee et al. (2024),Democratic Party,PID,Independent,4,8,0.875,0.75,30.125,0.30125
Bisbee et al. (2024),Republican Party,PID,Independent,4,8,0.875,0.75,24.875,0.24875
Bisbee et al. (2024),Kamala Harris,PID,Republican,39,78,0.705128205128205,0.6666666666666665,11.743589743589729,0.11743589743589729
Bisbee et al. (2024),Donald Trump,PID,Republican,39,78,0.6153846153846154,0.24358974358974356,9.38461538461538,0.0938461538461538
Bisbee et al. (2024),Joe Biden,PID,Republican,39,78,0.5641025641025639,0.46153846153846156,7.756410256410242,0.07756410256410243
Bisbee et al. (2024),RFK Jr,PID,Republican,38,76,0.6315789473684211,0.4605263157894736,13.263157894736851,0.13263157894736852
Bisbee et al. (2024),JD Vance,PID,Republican,39,78,0.6153846153846154,0.4102564102564103,13.602564102564088,0.13602564102564088
Bisbee et al. (2024),Tim Walz,PID,Republican,39,78,0.6923076923076922,0.6538461538461537,14.910256410256403,0.14910256410256403
Bisbee et al. (2024),Democratic Party,PID,Republican,39,78,0.6025641025641024,0.5641025641025641,7.115384615384605,0.07115384615384605
Bisbee et al. (2024),Republican Party,PID,Republican,39,78,0.6025641025641024,0.38461538461538464,18.78205128205128,0.18782051282051282
Zaller 8->4,Kamala Harris,all,All respondents,100,200,0.7599999999999998,0.42500000000000004,6.1599999999999975,0.061599999999999974
Zaller 8->4,Donald Trump,all,All respondents,100,200,0.6849999999999998,0.3600000000000001,5.595,0.05595
Zaller 8->4,Joe Biden,all,All respondents,99,198,0.717171717171717,0.393939393939394,4.7020202020202015,0.04702020202020202
Zaller 8->4,RFK Jr,all,All respondents,99,198,0.712121212121212,0.45454545454545453,15.702020202020217,0.15702020202020217
Zaller 8->4,JD Vance,all,All respondents,100,200,0.7699999999999995,0.4250000000000001,7.07,0.0707
Zaller 8->4,Tim Walz,all,All respondents,100,200,0.8150000000000001,0.37,9.424999999999999,0.09424999999999999
Zaller 8->4,Democratic Party,all,All respondents,100,200,0.705,0.3950000000000001,4.79,0.0479
Zaller 8->4,Republican Party,all,All respondents,100,200,0.605,0.38,6.960000000000005,0.06960000000000005
Zaller 8->4,Kamala Harris,PID,Democrat,57,114,0.7894736842105263,0.3157894736842105,5.122807017543859,0.05122807017543859
Zaller 8->4,Donald Trump,PID,Democrat,57,114,0.6754385964912282,0.4298245614035088,4.298245614035084,0.04298245614035084
Zaller 8->4,Joe Biden,PID,Democrat,56,112,0.6517857142857142,0.31250000000000006,3.8214285714285725,0.03821428571428573
Zaller 8->4,RFK Jr,PID,Democrat,57,114,0.7456140350877196,0.5614035087719299,18.263157894736842,0.18263157894736842
Zaller 8->4,JD Vance,PID,Democrat,57,114,0.7719298245614039,0.543859649122807,8.263157894736848,0.08263157894736847
Zaller 8->4,Tim Walz,PID,Democrat,57,114,0.868421052631579,0.32456140350877194,12.956140350877194,0.12956140350877193
Zaller 8->4,Democratic Party,PID,Democrat,57,114,0.7017543859649124,0.2982456140350877,5.491228070175438,0.054912280701754385
Zaller 8->4,Republican Party,PID,Democrat,57,114,0.6140350877192983,0.5,9.736842105263161,0.0973684210526316
Zaller 8->4,Kamala Harris,PID,Independent,4,8,0.875,0.5,13.375,0.13375
Zaller 8->4,Donald Trump,PID,Independent,4,8,0.875,0.75,30,0.3
Zaller 8->4,Joe Biden,PID,Independent,4,8,1,0.75,16.5,0.165
Zaller 8->4,RFK Jr,PID,Independent,4,8,1,0.75,26.5,0.265
Zaller 8->4,JD Vance,PID,Independent,4,8,1,0.75,18.5,0.185
Zaller 8->4,Tim Walz,PID,Independent,4,8,1,1,50.125,0.50125
Zaller 8->4,Democratic Party,PID,Independent,4,8,0.75,0.75,25.25,0.2525
Zaller 8->4,Republican Party,PID,Independent,4,8,0.75,0.5,16.625,0.16625
Zaller 8->4,Kamala Harris,PID,Republican,39,78,0.756410256410256,0.6923076923076922,10.064102564102548,0.10064102564102548
Zaller 8->4,Donald Trump,PID,Republican,39,78,0.7435897435897437,0.3076923076923077,8.192307692307693,0.08192307692307693
Zaller 8->4,Joe Biden,PID,Republican,39,78,0.7948717948717946,0.5769230769230768,9.499999999999993,0.09499999999999993
Zaller 8->4,RFK Jr,PID,Republican,38,76,0.7763157894736843,0.5263157894736843,16.355263157894743,0.16355263157894742
Zaller 8->4,JD Vance,PID,Republican,39,78,0.8205128205128203,0.358974358974359,14.94871794871794,0.1494871794871794
Zaller 8->4,Tim Walz,PID,Republican,39,78,0.7820512820512817,0.5769230769230769,13.064102564102562,0.13064102564102562
Zaller 8->4,Democratic Party,PID,Republican,39,78,0.7435897435897433,0.5384615384615384,6.538461538461536,0.06538461538461536
Zaller 8->4,Republican Party,PID,Republican,39,78,0.6794871794871792,0.41025641025641035,14.294871794871792,0.1429487179487179
