target,consideration_id,valence,dimension,consideration
"Kamala Harris","C01","mixed","policy","I like her stance on climate change but her healthcare ideas seem too radical for me."
"Kamala Harris","C02","positive","character","She's always been a fighter and I admire that tenacity."
"Kamala Harris","C03","negative","competence","She didn't do much as Vice President, what makes anyone think she can handle the presidency?"
"Kamala Harris","C04","mixed","identity","I like that she's breaking barriers but I worry about how other countries will perceive a female president."
"Kamala Harris","C05","positive","affect","Her laugh is so infectious and genuine, it makes me feel good about her."
"Kamala Harris","C06","negative","narrative","She's just another establishment politician, nothing special."
"Kamala Harris","C07","positive","policy","Her criminal justice reform ideas make a lot of sense to me."
"Kamala Harris","C08","mixed","character","She can be tough but sometimes she comes across as mean or aloof."
"Kamala Harris","C09","mixed","identity","I'm glad she's the first woman and person of color on a major ticket, but I wish it was someone else."
"Kamala Harris","C10","negative","competence","She flip-flops too much, how can anyone trust her?"
"Kamala Harris","C11","positive","affect","She seems so genuine and approachable, like she'd be great at connecting with people."
"Kamala Harris","C12","mixed","narrative","She's had a quick rise to power but I'm not sure if it's because of merit or something else."
"Kamala Harris","C13","negative","character","She's too ambitious and will say anything to get ahead."
"Kamala Harris","C14","positive","policy","Her economic policies seem sound and she understands the struggles of working people."
"Kamala Harris","C15","mixed","narrative","She's got a compelling backstory but I'm not sure if that translates to good leadership."
"Kamala Harris","C16","negative","character","She always seems so scripted and fake, like she's just reading from a teleprompter."
"Kamala Harris","C17","mixed","narrative","Her career has been meteoric but I worry about the speed of her rise to power."
"Kamala Harris","C18","positive","character","She’s always been about fighting for what’s right, even when it wasn’t popular. She's got guts."
"Kamala Harris","C19","mixed","policy","Her immigration policies are a mess, she needs to figure out a clearer plan."
"Kamala Harris","C20","mixed","identity","It's great to see a woman of color in such a high position, but I hope she doesn't play the identity card too much."
"Kamala Harris","C21","mixed","character","She can be tough and mean-spirited. She needs to tone it down a bit."
"Kamala Harris","C22","positive","policy","Her plans for education reform are really innovative and could make a big difference."
"Kamala Harris","C23","negative","affect","She comes across as very arrogant and entitled, like she deserves the job just because of her identity."
"Kamala Harris","C24","mixed","narrative","She's had some impressive roles but I'm not sure if she's ready for the biggest one yet."
"Kamala Harris","C25","positive","character","She’s always been a strong advocate for women and minorities, that says a lot about her character."
"Kamala Harris","C26","mixed","competence","She's had some good ideas but I'm not sure if she can execute them effectively."
"Kamala Harris","C27","negative","identity","She's too focused on identity politics and not enough on actual policy."
"Kamala Harris","C28","positive","affect","Her energy and enthusiasm are infectious, she seems like she'd be a great leader in tough times. I want to vote for her just because she makes me feel good about the future."
"Kamala Harris","C29","mixed","narrative","She's had some impressive roles but I'm not sure if she can handle the pressure of the presidency. She needs more experience, I think."
"Kamala Harris","C30","negative","policy","Her foreign policy ideas are way too soft and naïve, we need a strong leader to keep America safe."
"Donald Trump","C01","negative","character","I can't trust him, he's too self-serving."
"Donald Trump","C02","mixed","identity","He represents some of my values, but I wish he wouldn't be so divisive."
"Donald Trump","C03","positive","narrative","He tells it like it is, unlike those Washington insiders."
"Donald Trump","C04","negative","affect","Every time he speaks, I just get more frustrated with his lies."
"Donald Trump","C05","mixed","policy","I agree with him on immigration, but his tariffs are hurting American businesses."
"Donald Trump","C06","positive","character","He's a strong leader and isn't afraid to stand up for what he believes in."
"Donald Trump","C07","negative","competence","He doesn't know what he's doing when it comes to foreign policy."
"Donald Trump","C08","mixed","identity","As a businessman, I admire his success, but as a president, he's been a disaster."
"Donald Trump","C09","positive","policy","His tax cuts really helped my small business grow."
"Donald Trump","C10","mixed","narrative","He's disrupting the status quo in Washington, which is needed, but at what cost?"
"Donald Trump","C11","negative","character","He only cares about himself and his family, not the country."
"Donald Trump","C12","positive","affect","His rallies are electric, I feel energized every time I attend one."
"Donald Trump","C13","mixed","competence","He's made some good decisions, but overall, he's just too unpredictable."
"Donald Trump","C14","negative","character","He's a bully and only cares about himself."
"Donald Trump","C15","positive","narrative","He's fighting against the corrupt establishment in Washington."
"Donald Trump","C16","mixed","affect","I love his energy, but sometimes he just goes too far with his tweets."
"Donald Trump","C17","negative","policy","His trade war with China is hurting American farmers and manufacturers."
"Donald Trump","C18","positive","narrative","He's fighting for the forgotten men and women of America."
"Donald Trump","C19","mixed","character","He's tough and doesn't back down, but sometimes he takes it too far."
"Donald Trump","C20","negative","identity","He's alienating our allies and making us look bad on the world stage."
"Donald Trump","C21","positive","policy","His deregulation efforts have boosted our economy."
"Donald Trump","C22","mixed","competence","He means well, but he just doesn't know how to govern effectively."
"Donald Trump","C23","negative","character","He's a narcissist and only cares about himself."
"Donald Trump","C24","mixed","identity","I like that he's not a typical politician, but his lack of experience is concerning."
"Donald Trump","C25","positive","narrative","He's standing up for America against the liberal elite."
"Donald Trump","C26","negative","affect","Every time he opens his mouth, I cringe at what might come out."
"Donald Trump","C27","mixed","policy","His approach to healthcare is a mess, but at least he's trying to do something about it."
"Donald Trump","C28","mixed","character","He's not perfect, but at least he's honest about who he is."
"Donald Trump","C29","negative","competence","He doesn't surround himself with the best people, and it shows in his administration."
"Donald Trump","C30","mixed","narrative","He's making politics exciting again, even if it's a bit too chaotic for my liking."
"Joe Biden","C01","negative","policy","Biden's spending is going to bankrupt my kids."
"Joe Biden","C02","positive","character","I like that Biden seems like a decent family man."
"Joe Biden","C03","mixed","competence","Biden might be too old for this, but he has the experience."
"Joe Biden","C04","negative","narrative","This is just Obama's third term, nothing will really change."
"Joe Biden","C05","positive","affect","Biden gives me hope that we can unite as a country again."
"Joe Biden","C06","negative","identity","He's just another old white guy in charge. Where's my representation?"
"Joe Biden","C07","mixed","policy","I support his infrastructure plan, but the Green New Deal is too extreme."
"Joe Biden","C08","positive","character","Biden seems genuine and caring about people's struggles."
"Joe Biden","C09","negative","competence","He's had his chance and he blew it. Time for someone new."
"Joe Biden","C10","positive","narrative","He's fought through so much in his life, he deserves to be president."
"Joe Biden","C11","mixed","affect","I appreciate his optimism, but sometimes he seems out of touch."
"Joe Biden","C12","negative","policy","His foreign policy is a disaster. We need strength, not diplomacy."
"Joe Biden","C13","positive","identity","As a fellow Catholic, I appreciate his values and beliefs."
"Joe Biden","C14","mixed","competence","He knows what he's doing, but sometimes he struggles to communicate it."
"Joe Biden","C15","negative","narrative","He's just a puppet for the radical left. They're pulling his strings."
"Joe Biden","C16","positive","affect","Biden makes me feel like things will be okay. He's reassuring."
"Joe Biden","C17","negative","policy","I can't support someone who wants to raise my taxes."
"Joe Biden","C18","mixed","character","He's had some scandals, but who hasn't? He seems sincere now."
"Joe Biden","C19","positive","identity","Finally, a president who understands the working class."
"Joe Biden","C20","negative","competence","He's too old and out of touch. We need fresh ideas."
"Joe Biden","C21","mixed","narrative","I like his story, but I'm not sure he can deliver on his promises."
"Joe Biden","C22","positive","affect","Biden is just a regular guy. He's one of us."
"Joe Biden","C23","negative","policy","He's going to destroy the economy with all his regulations."
"Joe Biden","C24","mixed","character","I respect his service, but I worry about his health and mental fitness."
"Joe Biden","C25","positive","identity","It's time for a president who looks like America. A diverse, multicultural nation."
"Joe Biden","C26","negative","competence","He's been in politics too long. He's part of the problem."
"Joe Biden","C27","mixed","narrative","I admire his resilience, but I'm not sure he can lead us into the future."
"Joe Biden","C28","positive","affect","Biden is a breath of fresh air compared to Trump's chaos."
"Joe Biden","C29","negative","policy","He's going to turn America into a socialist country."
"Joe Biden","C30","mixed","competence","I think he means well, but I'm not sure he has what it takes to lead."
"RFK Jr","C01","mixed","character","He's got that Kennedy charm, can't deny it, but he's also been all over the place with his views."
"RFK Jr","C02","negative","policy","His stance on vaccines is just plain dangerous and irresponsible."
"RFK Jr","C03","positive","narrative","He comes from a legacy of public service, which gives him some credibility."
"RFK Jr","C04","mixed","competence","He's got the name recognition, but I'm not sure he has what it takes to lead the country."
"RFK Jr","C05","negative","policy","His environmental policies are too extreme and will hurt American businesses."
"RFK Jr","C06","positive","affect","There's something genuinely inspiring about his passion for justice."
"RFK Jr","C07","mixed","narrative","He’s a Kennedy, so he has that star power, but I'm not sure if that's enough to win over voters."
"RFK Jr","C08","negative","character","His flip-flopping on issues makes him seem unreliable and untrustworthy."
"RFK Jr","C09","mixed","policy","I like his ideas on criminal justice reform, but some of his economic policies are a bit too left-wing for me."
"RFK Jr","C10","positive","narrative","He’s carrying on the family tradition of fighting for the underdog, which is admirable."
"RFK Jr","C11","mixed","character","I admire his willingness to take on big pharma, but I worry about his judgment in other areas."
"RFK Jr","C12","mixed","affect","His speeches are fiery and motivating, but sometimes he comes across as too intense."
"RFK Jr","C13","negative","policy","His approach to healthcare is unrealistic and would bankrupt the country."
"RFK Jr","C14","mixed","character","He’s got a lot of integrity, but his past legal troubles are concerning."
"RFK Jr","C15","positive","narrative","He's breaking away from the Democratic establishment, which could be refreshing."
"RFK Jr","C16","negative","policy","His environmental policies would stifle innovation and hurt the economy."
"RFK Jr","C17","mixed","character","He’s a straight shooter who calls it like he sees it, but sometimes he goes too far."
"RFK Jr","C18","positive","narrative","He’s challenging the status quo in both parties, which is what America needs right now."
"RFK Jr","C19","negative","policy","His foreign policy views are naive and would put America at risk."
"RFK Jr","C20","mixed","character","He's got a lot of energy and enthusiasm, but I'm not sure if he has the experience to back it up."
"RFK Jr","C21","mixed","id","As someone who values tradition, I appreciate his family legacy, but I worry about his ability to lead."
"RFK Jr","C22","positive","policy","His focus on corruption is exactly what we need in Washington right now."
"RFK Jr","C23","mixed","id","He’s not a typical politician and that's both exciting and scary for me."
"RFK Jr","C24","mixed","character","I respect his commitment to environmental causes but I think he has some unrealistic ideas"
"RFK Jr","C25","positive","narrative","His willingness to speak out against corruption is truly inspiring."
"RFK Jr","C26","negative","policy","He’s too focused on the past and not enough on the future of America's economy."
"RFK Jr","C27","mixed","id","His identity as a Kennedy gives him an advantage, but it also makes me wonder if he can stand on his own merits."
"RFK Jr","C28","positive","affect","There's something really compelling about his ability to connect with people on the ground level."
"RFK Jr","C29","mixed","narrative","I like that he's shaking things up, but I'm not convinced he has a viable plan for the country."
"RFK Jr","C30","negative","id","He’s too much of an outsider and that makes me uncomfortable as someone who values stability."
"JD Vance","C01","negative","character","I don’t think JD Vance has shown he can work with others in Congress."
"JD Vance","C02","mixed","policy","Vance talks about helping working-class people, but I'm not sure how his policies will actually do that."
"JD Vance","C03","positive","narrative","JD Vance’s life story is inspiring—he really pulled himself up by his bootstraps."
"JD Vance","C04","negative","character","He flip-flopped on Trump too much for me to trust him."
"JD Vance","C05","mixed","competence","Vance seems smart, but I’m not convinced he has the experience needed for higher office."
"JD Vance","C06","positive","narrative","Vance really understands the struggles of the working class because he lived it."
"JD Vance","C07","negative","character","He’s too much of a Trump sycophant to think for himself."
"JD Vance","C08","mixed","policy","His economic policies sound good, but I worry they’ll mostly benefit the rich."
"JD Vance","C09","positive","identity","As a fellow Ohioan, I appreciate that Vance is fighting for our state's interests."
"JD Vance","C10","negative","character","Vance’s past criticisms of Trump make me question his loyalty to the party."
"JD Vance","C11","mixed","affect","I like that he’s passionate, but sometimes he comes across as too aggressive."
"JD Vance","C12","positive","narrative","His book \"Hillbilly Elegy\" really opened my eyes to the challenges in Appalachia."
"JD Vance","C13","negative","policy","Vance’s stance on immigration is way too strict and uncompassionate."
"JD Vance","C14","mixed","character","He seems genuine, but I’m not sure if he can handle the pressure of national politics."
"JD Vance","C15","positive","identity","As a fellow Midwesterner, I think he gets our values better than most politicians."
"JD Vance","C16","negative","policy","His healthcare proposals will hurt people who really need help."
"JD Vance","C17","mixed","policy","Vance’s education policies sound good, but I’m skeptical they’ll work in practice."
"JD Vance","C18","positive","narrative","He’s not a typical politician—that’s refreshing."
"JD Vance","C19","negative","character","He’s too quick to blame others for his own mistakes."
"JD Vance","C20","mixed","affect","I appreciate his directness, but it can be off-putting sometimes."
"JD Vance","C21","positive","narrative","His personal story makes him relatable in a way most politicians aren’t."
"JD Vance","C22","negative","policy","Vance’s environmental policies are outdated and ignore climate science."
"JD Vance","C23","mixed","competence","He has potential, but I’m not sure he’s ready for the big leagues just yet."
"JD Vance","C24","positive","identity","As someone from a similar background, I feel like he understands my struggles."
"JD Vance","C25","negative","character","He’s too much of a political opportunist to trust."
"JD Vance","C26","mixed","policy","His tax plans sound good, but I worry they’ll increase the deficit too much."
"JD Vance","C27","positive","narrative","He’s not afraid to speak his mind, even if it’s unpopular."
"JD Vance","C28","negative","character","He changes his mind too often—how can I trust him?"
"JD Vance","C29","mixed","competence","Vance is smart and articulate, but sometimes he oversimplifies complex issues."
"JD Vance","C30","positive","narrative","He’s a breath of fresh air compared to the usual political crowd."
"Tim Walz","C01","negative","character","He's just another politician trying to climb the ladder."
"Tim Walz","C02","mixed","identity","I like that he's from the Midwest but I wish he had more national experience."
"Tim Walz","C03","positive","policy","He's done a good job with education funding in Minnesota."
"Tim Walz","C04","negative","narrative","He's too boring to be an effective leader on the national stage."
"Tim Walz","C05","mixed","affect","I don't really know much about him but he seems alright."
"Tim Walz","C06","positive","character","He seems like a genuine and down-to-earth guy."
"Tim Walz","C07","negative","narrative","He's just a puppet for the Democratic establishment."
"Tim Walz","C08","mixed","policy","His stances on climate change are solid but I'm not sure about his economic policies."
"Tim Walz","C09","positive","competence","He handled the COVID-19 pandemic pretty well in Minnesota."
"Tim Walz","C10","negative","character","I think he's too wishy-washy to be a strong leader."
"Tim Walz","C11","mixed","identity","As a fellow Minnesotan, I'm proud of him but I'm not sure about his national appeal."
"Tim Walz","C12","positive","affect","He has a calming presence that could be good for the country."
"Tim Walz","C13","negative","narrative","He's just another liberal trying to push their agenda."
"Tim Walz","C14","mixed","policy","His healthcare policies are good but I'm concerned about his stance on gun control."
"Tim Walz","C15","positive","character","He seems like a decent family man and that matters to me."
"Tim Walz","C16","negative","competence","He's never held a federal office before so how can we trust him?"
"Tim Walz","C17","mixed","identity","I appreciate his military background but I worry he might be too old-school."
"Tim Walz","C18","positive","narrative","He could be the fresh start that the Democratic Party needs."
"Tim Walz","C19","negative","policy","His immigration policies are way too lenient."
"Tim Walz","C20","mixed","affect","I don't like his stance on abortion but he seems like a nice guy overall."
"Tim Walz","C21","positive","character","He's shown strong leadership during crises in Minnesota."
"Tim Walz","C22","negative","narrative","He's just another career politician looking out for number one."
"Tim Walz","C23","mixed","policy","His environmental policies are good but I'm not sure about his approach to the economy."
"Tim Walz","C24","positive","identity","I like that he's a veteran and understands the needs of our military."
"Tim Walz","C25","negative","competence","He doesn't have enough experience to handle the complexities of national politics."
"Tim Walz","C26","mixed","affect","He seems genuine but I'm not sure if he can connect with all Americans."
"Tim Walz","C27","positive","narrative","He could bring a much-needed sense of stability and decency back to the White House."
"Tim Walz","C28","negative","policy","His tax policies are too liberal for my liking."
"Tim Walz","C29","mixed","character","He seems sincere but I worry he might be too nice to be an effective leader."
"Tim Walz","C30","positive","identity","As a fellow educator, I appreciate his focus on education and teacher support."
"Democratic Party","C01","positive","policy","I believe the Democratic Party is best for protecting social safety nets like Social Security and Medicare."
"Democratic Party","C02","mixed","character","The Democratic Party talks a big game about helping people, but they seem out of touch with everyday Americans sometimes."
"Democratic Party","C03","negative","narrative","I think the Democratic Party has become too extreme with their 'woke' culture and identity politics."
"Democratic Party","C04","positive","affect","I feel proud to be part of a party that stands for equality and inclusion for all."
"Democratic Party","C05","mixed","identity","As an independent, I appreciate the Democratic Party's focus on social issues, but wish they'd prioritize economic growth more."
"Democratic Party","C06","negative","competence","The Democratic Party seems to be all talk and no action when it comes to actually getting things done in Congress."
"Democratic Party","C07","mixed","policy","I like that the Democratic Party wants to expand healthcare, but I'm not sure their plans are affordable for everyone."
"Democratic Party","C08","negative","affect","The Democratic Party makes me uncomfortable with their constant focus on race and gender."
"Democratic Party","C09","positive","character","I admire how the Democratic Party stands up for the little guy against big corporations."
"Democratic Party","C10","mixed","narrative","The Democratic Party's base seems to be made up of a lot of angry, entitled people who just want free stuff."
"Democratic Party","C11","negative","policy","I think the Democratic Party's environmental policies will hurt our economy and cost jobs."
"Democratic Party","C12","mixed","competence","While I appreciate the Democratic Party's ideals, I'm not convinced they have the practical know-how to implement them effectively."
"Democratic Party","C13","positive","identity","The Democratic Party is the only party that truly represents people like me – a queer person of color."
"Democratic Party","C14","mixed","affect","I feel hopeful about the Democratic Party's vision for America, but I'm also frustrated with their infighting and lack of unity."
"Democratic Party","C15","negative","character","The Democratic Party is full of corrupt politicians who only care about lining their own pockets."
"Democratic Party","C16","positive","narrative","The story of the Democratic Party is one of progress and fighting for the rights of all Americans."
"Democratic Party","C17","mixed","policy","I appreciate the Democratic Party's focus on education, but I worry that their policies will lead to more government control over schools."
"Democratic Party","C18","negative","character","The Democratic Party is too soft on crime and wants to defund the police."
"Democratic Party","C19","positive","affect","Being a part of the Democratic Party makes me feel like I'm fighting for a better future for my children."
"Democratic Party","C20","mixed","competence","I think the Democratic Party has some good ideas, but they struggle with execution and follow-through."
"Democratic Party","C21","negative","policy","The Democratic Party's immigration policies are too lenient and will encourage more illegal immigration."
"Democratic Party","C22","mixed","character","While I agree with many of the Democratic Party's positions, I can't stand their tone-deafness when it comes to working-class Americans."
"Democratic Party","C23","positive","narrative","The history of the Democratic Party is one of fighting for civil rights and social justice."
"Democratic Party","C24","mixed","identity","As a moderate, I don't feel fully represented by either party, but the Democratic Party seems more willing to listen to my concerns."
"Democratic Party","C25","negative","character","The Democratic Party is too focused on virtue signaling and not enough on actual results."
"Democratic Party","C26","positive","affect","When I vote for Democrats, I feel like I'm making a difference in the world."
"Democratic Party","C27","mixed","policy","I support the Democratic Party's stance on healthcare, but I'm worried about the cost of their proposed reforms."
"Democratic Party","C28","negative","character","The Democratic Party is full of elitist snobs who look down on people like me."
"Democratic Party","C29","mixed","narrative","The Democratic Party has a good message, but they need to do a better job of communicating it to the American people."
"Democratic Party","C30","positive","competence","I have confidence in the Democratic Party's ability to manage the economy and create jobs."
"Republican Party","C01","negative","character","I don't trust Republicans to tell the truth about anything anymore."
"Republican Party","C02","mixed","policy","The Republican Party talks a big game on fiscal responsibility but always seems to cave when it comes to big spending."
"Republican Party","C03","positive","narrative","Republicans are the only ones who can stop the crazy liberal agenda that's ruining this country."
"Republican Party","C04","negative","identity","I don't feel represented by a party that's so focused on conservative Christian values."
"Republican Party","C05","positive","affect","I really appreciate how passionate Republicans are about their beliefs, even if I don't always agree with them."
"Republican Party","C06","mixed","competence","Republicans have some good ideas, but they never seem to be able to get anything done in Congress."
"Republican Party","C07","mixed","character","There are a lot of good people in the Republican Party, but the leadership is just so divisive."
"Republican Party","C08","positive","policy","I like that Republicans want to cut taxes and reduce government regulations."
"Republican Party","C09","negative","identity","The Republican Party has become too extreme for me; I can't support a party that embraces extremists."
"Republican Party","C10","mixed","narrative","Republicans say they're the party of law and order, but some of their policies just seem mean-spirited."
"Republican Party","C11","negative","affect","I'm really turned off by how angry and combative Republicans seem all the time."
"Republican Party","C12","positive","character","I admire how principled Republicans are about standing up for what they believe in."
"Republican Party","C13","mixed","policy","Republicans talk a lot about supporting small businesses, but their policies often help big corporations more."
"Republican Party","C14","mixed","competence","The Republican Party has some smart people, but they always seem to shoot themselves in the foot with stupid scandals."
"Republican Party","C15","mixed","narrative","Republicans say they're patriotic, but sometimes it feels like they're putting party over country."
"Republican Party","C16","negative","character","I can't stand how hypocritical Republicans are about family values; look at some of their leaders' personal lives!"
"Republican Party","C17","positive","policy","I appreciate that Republicans want to strengthen our military and keep us safe from foreign threats."
"Republican Party","C18","mixed","identity","As a moderate, I feel like the Republican Party has moved too far to the right for me to comfortably support them."
"Republican Party","C19","mixed","affect","Sometimes Republicans make me so mad with their rhetoric, but other times I really appreciate their energy and enthusiasm."
"Republican Party","C20","mixed","character","There are some truly awful people in the Republican Party, but there are also some genuinely decent folks."
"Republican Party","C21","mixed","dimension","I like that Republicans want to protect gun rights, but I worry about how they handle gun safety."
"Republican Party","C22","mixed","policy","Republicans say they care about freedom, but their policies often seem to restrict the freedoms of certain groups."
"Republican Party","C23","negative","character","The Republican Party has lost all credibility with me after the way they handled the last presidential election."
"Republican Party","C24","positive","affect","I love how fired up Republicans get about supporting our troops and veterans."
"Republican Party","C25","mixed","narrative","Republicans say they're pro-life, but their policies often seem to ignore the needs of children once they're born."
"Republican Party","C26","negative","character","The Republican Party has become a cult of personality, and that's just not healthy for our democracy."
"Republican Party","C27","mixed","narrative","I appreciate that Republicans want to promote school choice, but I worry about how it might hurt public education."
"Republican Party","C28","mixed","policy","Republicans talk a lot about supporting law enforcement, but their policies often seem to ignore the systemic issues in our criminal justice system."
"Republican Party","C29","positive","narrative","I believe that Republicans are the only ones who can save this country from the brink of socialism."
"Republican Party","C30","mixed","character","There are some really smart and well-intentioned people in the Republican Party, but their leaders often say and do stupid things."
