group,consideration_id,consideration,universe_rank
Democratic Party,U1,They are the party that is fighting to protect women's reproductive rights.,1
Democratic Party,U2,They spend way too much taxpayer money and that is what caused this inflation.,2
Democratic Party,U3,They are the only party taking the threat of climate change seriously.,3
Democratic Party,U4,"They are way too obsessed with identity politics and all this ""woke"" culture stuff.",4
Democratic Party,U5,They want to raise my taxes just to pay for more bloated social programs.,5
Democratic Party,U6,They have become the party of the highly educated elites living in big cities.,6
Democratic Party,U7,They are the ones who actually care about civil rights and equality for everyone.,7
Democratic Party,U8,They are far too soft on crime and have completely lost control of the border.,8
Democratic Party,U9,They are coming for my guns and want to take away my second amendment rights.,9
Democratic Party,U10,They are the party that stands up for the working class and labor unions.,10
Democratic Party,U11,They are always disorganized and spend all their time fighting with each other.,11
Democratic Party,U12,They are using the legal system as a weapon to go after their political enemies.,12
Democratic Party,U13,They represent social progress and are the party of the country's future.,13
Democratic Party,U14,They are controlled by special interest groups and powerful lobbyists in Washington.,14
Democratic Party,U15,They are trying to make sure that every single American has access to healthcare.,15
Democratic Party,U16,They are the party of big government and endless layers of bureaucracy.,16
Donald Trump,U1,He is the former president who wants to get back into the White House.,1
Donald Trump,U2,Everything felt like it was cheaper and the economy was better when he was in charge.,2
Donald Trump,U3,He never stops talking about the 2020 election being stolen from him.,3
Donald Trump,U4,I am so tired of hearing about his endless court cases and legal drama.,4
Donald Trump,U5,He is a strong leader who does not take any crap from other countries.,5
Donald Trump,U6,He says things that are incredibly offensive and divide the country further.,6
Donald Trump,U7,The MAGA movement is the only group that finally listens to people like me.,7
Donald Trump,U8,He is a direct threat to democracy and should never be near power again.,8
Donald Trump,U9,I like that he is not a typical politician and says what he thinks.,9
Donald Trump,U10,He is obsessed with the size of his crowds and his own ratings.,10
Donald Trump,U11,He is the one responsible for appointing the judges who overturned Roe v. Wade.,11
Donald Trump,U12,He is actually very funny and entertaining to watch at his rallies.,12
Donald Trump,U13,He is getting too old and rambling to be doing this for another four years.,13
Donald Trump,U14,He looked incredibly tough and resilient after surviving that assassination attempt.,14
Donald Trump,U15,He is a billionaire who only cares about giving tax cuts to his rich friends.,15
Donald Trump,U16,I really dislike his mean tweets and the way he bullies his opponents.,16
JD Vance,U1,He wrote that book Hillbilly Elegy and really seems to understand the working class.,1
JD Vance,U2,"He used to be a ""never Trumper"" but now he is Trump's biggest supporter.",2
JD Vance,U3,He is very articulate and sounds very smart when he is being interviewed on the news.,3
JD Vance,U4,"He made that comment about ""childless cat ladies"" and it was just plain weird.",4
JD Vance,U5,He is a wealthy venture capitalist who is totally out of touch with regular people.,5
JD Vance,U6,He represents the new and younger face of the MAGA movement for the future.,6
JD Vance,U7,I do not trust a politician who changes their core beliefs just to get ahead.,7
JD Vance,U8,He is very aggressive in debates and knows how to go on the attack effectively.,8
JD Vance,U9,He wants to pass a national ban on abortion which is way too extreme for me.,9
JD Vance,U10,He is a Marine veteran and I have a lot of respect for his military service.,10
JD Vance,U11,He is too radical and right-wing to ever appeal to moderate or independent voters.,11
JD Vance,U12,He looks like he is wearing eyeliner in his television appearances and it is distracting.,12
JD Vance,U13,He is clearly being groomed to be the next leader of the Republican Party.,13
JD Vance,U14,He is just a puppet for billionaire Peter Thiel who funded his whole career.,14
JD Vance,U15,He understands why people in the Rust Belt feel abandoned by the elites.,15
JD Vance,U16,He is a devoted family man with a young wife and three small children.,16
Joe Biden,U1,He is the current president but he looks and sounds very old now.,1
Joe Biden,U2,Inflation has made my groceries and gas way too expensive while he has been in office.,2
Joe Biden,U3,He is a decent and empathetic man who truly cares about the middle class.,3
Joe Biden,U4,I worry that he no longer has the mental stamina to lead the country.,4
Joe Biden,U5,He passed a huge infrastructure bill that is actually fixing the roads in my town.,5
Joe Biden,U6,He is just a puppet for the far-left radicals who are really running the party.,6
Joe Biden,U7,He has been in Washington for fifty years and nothing ever seems to change.,7
Joe Biden,U8,I trust his decades of experience when it comes to foreign policy and NATO.,8
Joe Biden,U9,He has a habit of whispering into the microphone and it comes across as creepy.,9
Joe Biden,U10,He is doing his best to lead us out of the chaos of the pandemic years.,10
Joe Biden,U11,He has been far too slow and weak in responding to the crisis at the border.,11
Joe Biden,U12,"I like his cool aviator sunglasses and his ""Scranton Joe"" blue-collar persona.",12
Joe Biden,U13,He did the honorable thing by stepping aside for the good of the country.,13
Joe Biden,U14,He is failing to give Israel the full support they need to win their war.,14
Joe Biden,U15,He is not doing enough to protect the innocent people suffering in Gaza.,15
Joe Biden,U16,He is a traditional institutionalist who still believes in the American system.,16
Kamala Harris,U1,She is the Vice President and the first woman of color in that office.,1
Kamala Harris,U2,"I remember her ""we did it Joe"" video from the last election.",2
Kamala Harris,U3,She seems much more energetic and vibrant than Biden was.,3
Kamala Harris,U4,I wonder if she is actually ready to be Commander in Chief on day one.,4
Kamala Harris,U5,Her laugh is a bit much and feels forced sometimes.,5
Kamala Harris,U6,She was a tough prosecutor in California which makes her look strong on crime.,6
Kamala Harris,U7,She represents a historic milestone for women and minorities in leadership.,7
Kamala Harris,U8,Her policy positions seem to shift depending on who she is talking to.,8
Kamala Harris,U9,I heard she has high staff turnover because she is hard to work for.,9
Kamala Harris,U10,She sometimes speaks in word salads that are hard to follow.,10
Kamala Harris,U11,She is the face of the administration's failures at the southern border.,11
Kamala Harris,U12,I like that she is younger and brings a fresh perspective to the party.,12
Kamala Harris,U13,Republicans call her a radical San Francisco liberal who is out of touch.,13
Kamala Harris,U14,She is a very polished and effective debater when she is prepared.,14
Kamala Harris,U15,I am not sure if she can win over the working-class voters in the Rust Belt.,15
Kamala Harris,U16,She always looks professional and wears very sharp power suits.,16
RFK Jr,U1,He has that famous Kennedy name so I feel like I can trust him.,1
RFK Jr,U2,I like that he is willing to challenge the mainstream narrative about vaccines.,2
RFK Jr,U3,He is a dangerous conspiracy theorist who spreads misinformation to the public.,3
RFK Jr,U4,He has a long history of fighting for the environment and clean water.,4
RFK Jr,U5,His voice sounds very strained and it makes it difficult for me to listen to him.,5
RFK Jr,U6,He is just a spoiler candidate who is going to help Donald Trump win.,6
RFK Jr,U7,He is the only candidate talking seriously about the epidemic of chronic illness in kids.,7
RFK Jr,U8,He is a total workout nut and looks remarkably fit for a man his age.,8
RFK Jr,U9,I heard that bizarre story about him leaving a dead bear cub in Central Park.,9
RFK Jr,U10,He is trying to break the power of the two-party system that has failed us.,10
RFK Jr,U11,He is basically a Republican operative at this point in the campaign.,11
RFK Jr,U12,His own family members have come out and said they do not support him.,12
RFK Jr,U13,"He talks a lot about the ""deep state"" and how corporations have captured our agencies.",13
RFK Jr,U14,He seems like a real intellectual who actually reads books and thinks deeply.,14
RFK Jr,U15,I wonder if he is just running for president to get more attention for himself.,15
RFK Jr,U16,He survived a brain worm which is one of the weirdest things I have ever heard.,16
Republican Party,U1,They are the party of lower taxes and getting rid of unnecessary regulations.,1
Republican Party,U2,They are trying to take away a woman's right to choose what happens to her body.,2
Republican Party,U3,They are the party of law and order and maintaining a very strong military.,3
Republican Party,U4,They are way too focused on culture wars and trying to ban books in schools.,4
Republican Party,U5,They are the ones who want to actually secure the border and stop illegal immigration.,5
Republican Party,U6,They are the party of the ultra-wealthy and the big multi-national corporations.,6
Republican Party,U7,They stand up for religious freedom and the traditional values our country was built on.,7
Republican Party,U8,They are a threat to democracy because of what happened on January 6th.,8
Republican Party,U9,They want to cut Social Security and Medicare which people have worked for.,9
Republican Party,U10,"They are the party of the ""forgotten man"" in the middle of the country.",10
Republican Party,U11,The entire party has become completely beholden to whatever Donald Trump says.,11
Republican Party,U12,They want to drill for more oil and gas so we can finally lower energy prices.,12
Republican Party,U13,They are too extreme on gun rights and refuse to pass even basic safety laws.,13
Republican Party,U14,They are the party of individual freedom and personal responsibility for your life.,14
Republican Party,U15,They are totally chaotic and cannot even agree on a Speaker of the House.,15
Republican Party,U16,They are the party of real patriots who truly love the American flag.,16
Tim Walz,U1,"He is a Midwestern governor who has that friendly and approachable ""dad energy.",1
Tim Walz,U2,He was a high school social studies teacher and a successful football coach.,2
Tim Walz,U3,"He is the one who started calling the Republicans ""weird"" and it really stuck.",3
Tim Walz,U4,He did nothing while Minneapolis burned during the riots in the summer of 2020.,4
Tim Walz,U5,He signed a law that gives free school breakfast and lunch to every student.,5
Tim Walz,U6,He is a gun-owning hunter and a veteran who understands rural American life.,6
Tim Walz,U7,He is a far-left radical who is just pretending to be a moderate Midwesterner.,7
Tim Walz,U8,I really like his flannel shirts and his overall down-to-earth vibe.,8
Tim Walz,U9,He retired from the National Guard right before his unit was sent to Iraq.,9
Tim Walz,U10,He seems like the exact kind of guy you would want to have a beer with.,10
Tim Walz,U11,He is a bit old-fashioned and I do not think he excites the younger voters.,11
Tim Walz,U12,He handled the COVID pandemic with way too many restrictive rules and mandates.,12
Tim Walz,U13,He is a great communicator who knows how to explain complex things simply.,13
Tim Walz,U14,He was only picked as VP because the party was afraid of picking Josh Shapiro.,14
Tim Walz,U15,"He is the perfect candidate to help the Democrats hold onto the ""blue wall"" states.",15
Tim Walz,U16,He has a very cute dog and seems like he would be a great neighbor.,16
